{"cameraMode":{"drawMode":0,"name":"Shaded","section":"Shading Mode"},"sceneLighting":true,"audioPlay":false,"sceneViewState":{"showFog":true,"showMaterialUpdate":false,"showSkybox":true,"showFlares":true,"showImageEffects":true,"showParticleSystems":true},"in2DMode":false,"pivot":{"x":0.0,"y":-0.06599998474121094,"z":1.61899995803833},"rotation":{"x":0.30111443996429446,"y":0.028601916506886483,"z":-0.00903998501598835,"w":0.9531269073486328},"size":1.3535857200622559,"orthographic":false}