{"cameraMode":{"drawMode":0,"name":"Shaded","section":"Shading Mode"},"sceneLighting":true,"audioPlay":false,"sceneViewState":{"showFog":true,"showMaterialUpdate":false,"showSkybox":true,"showFlares":true,"showImageEffects":true,"showParticleSystems":true},"in2DMode":false,"pivot":{"x":-0.66815185546875,"y":0.048195838928222659,"z":1.5036876201629639},"rotation":{"x":0.14923180639743806,"y":0.4992608428001404,"z":-0.08775868266820908,"w":0.8489809036254883},"size":0.9334692358970642,"orthographic":false}