{"cameraMode":{"drawMode":0,"name":"Shaded","section":"Shading Mode"},"sceneLighting":true,"audioPlay":false,"sceneViewState":{"showFog":true,"showMaterialUpdate":false,"showSkybox":true,"showFlares":true,"showImageEffects":true,"showParticleSystems":true},"in2DMode":false,"pivot":{"x":-1.9123075008392335,"y":-0.7819811105728149,"z":0.2928096055984497},"rotation":{"x":-0.22282834351062776,"y":0.16576002538204194,"z":-0.03847961500287056,"w":-0.9598913788795471},"size":1.5526275634765626,"orthographic":false}