{"cameraMode":{"drawMode":0,"name":"Shaded","section":"Shading Mode"},"sceneLighting":true,"audioPlay":false,"sceneViewState":{"showFog":true,"showMaterialUpdate":false,"showSkybox":true,"showFlares":true,"showImageEffects":true,"showParticleSystems":true},"in2DMode":false,"pivot":{"x":0.05911462754011154,"y":-0.001303794328123331,"z":-0.4423285722732544},"rotation":{"x":0.0049845976755023,"y":0.994977593421936,"z":-0.07507334649562836,"w":0.06606504321098328},"size":0.36565881967544558,"orthographic":false}