{"cameraMode":{"drawMode":0,"name":"Shaded","section":"Shading Mode"},"sceneLighting":true,"audioPlay":false,"sceneViewState":{"m_AlwaysRefresh":false,"showFog":true,"showSkybox":true,"showFlares":true,"showImageEffects":true,"showParticleSystems":true,"showVisualEffectGraphs":true,"m_FxEnabled":true},"in2DMode":false,"pivot":{"x":0.7284196615219116,"y":0.015093088150024414,"z":5.024453163146973},"rotation":{"x":-0.07073238492012024,"y":0.023039259016513826,"z":-0.0016257410170510412,"w":-0.9972379803657532},"size":1.1215150356292725,"orthographic":false}