{"cameraMode":{"drawMode":0,"name":"Shaded","section":"Shading Mode"},"sceneLighting":true,"audioPlay":false,"sceneViewState":{"showFog":true,"showMaterialUpdate":false,"showSkybox":true,"showFlares":true,"showImageEffects":true,"showParticleSystems":true},"in2DMode":false,"pivot":{"x":-1.4170851707458497,"y":-3.4444727897644045,"z":4.533161163330078},"rotation":{"x":0.2796717882156372,"y":-0.13765354454517365,"z":0.04055342823266983,"w":0.9493106603622437},"size":4.142261028289795,"orthographic":false}