{"cameraMode":{"drawMode":0,"name":"Shaded","section":"Shading Mode"},"sceneLighting":true,"audioPlay":false,"sceneViewState":{"showFog":true,"showMaterialUpdate":false,"showSkybox":true,"showFlares":true,"showImageEffects":true,"showParticleSystems":true},"in2DMode":false,"pivot":{"x":84.85834503173828,"y":45.33478546142578,"z":5.15850830078125},"rotation":{"x":-0.018305795267224313,"y":-0.017398377880454065,"z":0.0003197007463313639,"w":-0.9996859431266785},"size":944.675048828125,"orthographic":false}