{"cameraMode":{"drawMode":0,"name":"Shaded","section":"Shading Mode"},"sceneLighting":false,"audioPlay":false,"sceneViewState":{"showFog":true,"showMaterialUpdate":false,"showSkybox":false,"showFlares":true,"showImageEffects":true,"showParticleSystems":true},"in2DMode":false,"pivot":{"x":0.4550284445285797,"y":-0.25406980514526369,"z":0.9790815114974976},"rotation":{"x":-0.12412241101264954,"y":0.033036503940820697,"z":-0.004121588077396154,"w":-0.9917286038398743},"size":0.09160281717777252,"orthographic":false}