{"cameraMode":{"drawMode":0,"name":"Shaded","section":"Shading Mode"},"sceneLighting":false,"audioPlay":false,"sceneViewState":{"showFog":true,"showMaterialUpdate":false,"showSkybox":false,"showFlares":true,"showImageEffects":true,"showParticleSystems":true},"in2DMode":false,"pivot":{"x":0.4971899688243866,"y":-0.16940812766551972,"z":1.0173237323760987},"rotation":{"x":-0.07221608608961106,"y":-0.029321888461709024,"z":0.0021235053427517416,"w":-0.996959924697876},"size":0.5948270559310913,"orthographic":false}