{"cameraMode":{"drawMode":0,"name":"Shaded","section":"Shading Mode"},"sceneLighting":false,"audioPlay":false,"sceneViewState":{"showFog":true,"showMaterialUpdate":false,"showSkybox":false,"showFlares":true,"showImageEffects":true,"showParticleSystems":true},"in2DMode":false,"pivot":{"x":-1.0119638442993165,"y":-1.0498415231704713,"z":3.23799991607666},"rotation":{"x":-0.4077887535095215,"y":0.005839557386934757,"z":-0.002355904085561633,"w":-0.9131292700767517},"size":2.578761100769043,"orthographic":false}