{"cameraMode":{"drawMode":0,"name":"Shaded","section":"Shading Mode"},"sceneLighting":false,"audioPlay":false,"sceneViewState":{"showFog":true,"showMaterialUpdate":false,"showSkybox":false,"showFlares":true,"showImageEffects":true,"showParticleSystems":true},"in2DMode":false,"pivot":{"x":0.01999986171722412,"y":-0.6464868783950806,"z":2.2286875247955324},"rotation":{"x":-0.4077887535095215,"y":0.005839557386934757,"z":-0.002355904085561633,"w":-0.9131292700767517},"size":2.0890045166015627,"orthographic":false}