{"cameraMode":{"drawMode":0,"name":"Shaded","section":"Shading Mode"},"sceneLighting":false,"audioPlay":false,"sceneViewState":{"showFog":true,"showMaterialUpdate":false,"showSkybox":false,"showFlares":true,"showImageEffects":true,"showParticleSystems":true},"in2DMode":false,"pivot":{"x":2.3670663833618166,"y":-0.6625061631202698,"z":10.628866195678711},"rotation":{"x":0.2391665279865265,"y":-0.00844932533800602,"z":0.002095501869916916,"w":0.9709726572036743},"size":13.912171363830567,"orthographic":false}