{"cameraMode":{"drawMode":0,"name":"Shaded","section":"Shading Mode"},"sceneLighting":false,"audioPlay":false,"sceneViewState":{"showFog":true,"showMaterialUpdate":false,"showSkybox":false,"showFlares":true,"showImageEffects":true,"showParticleSystems":true},"in2DMode":false,"pivot":{"x":0.08847522735595703,"y":-0.24833327531814576,"z":0.728449821472168},"rotation":{"x":-0.38768553733825686,"y":0.14589108526706696,"z":-0.062277667224407199,"w":-0.9080604910850525},"size":0.05704305320978165,"orthographic":false}