{"cameraMode":{"drawMode":0,"name":"Shaded","section":"Shading Mode"},"sceneLighting":false,"audioPlay":false,"sceneViewState":{"showFog":true,"showMaterialUpdate":false,"showSkybox":false,"showFlares":true,"showImageEffects":true,"showParticleSystems":true},"in2DMode":false,"pivot":{"x":-0.3048878312110901,"y":-0.2994663417339325,"z":-1.0308232307434083},"rotation":{"x":0.044221989810466769,"y":-0.9543566107749939,"z":0.18047410249710084,"w":0.23384594917297364},"size":0.7707816958427429,"orthographic":false}