{"cameraMode":{"drawMode":0,"name":"Shaded","section":"Shading Mode"},"sceneLighting":false,"audioPlay":false,"sceneViewState":{"showFog":true,"showMaterialUpdate":false,"showSkybox":false,"showFlares":true,"showImageEffects":true,"showParticleSystems":true},"in2DMode":false,"pivot":{"x":0.42691493034362795,"y":-0.2989651560783386,"z":0.9708226323127747},"rotation":{"x":0.23662497103214265,"y":-0.06261708587408066,"z":0.015283515676856041,"w":0.9694607257843018},"size":0.5786145925521851,"orthographic":false}