{"cameraMode":{"drawMode":0,"name":"Shaded","section":"Shading Mode"},"sceneLighting":false,"audioPlay":false,"sceneViewState":{"showFog":true,"showMaterialUpdate":false,"showSkybox":false,"showFlares":true,"showImageEffects":true,"showParticleSystems":true},"in2DMode":false,"pivot":{"x":0.3650360703468323,"y":-1.0498415231704713,"z":3.23799991607666},"rotation":{"x":0.38711073994636538,"y":-0.16458919644355775,"z":0.07044454663991928,"w":0.9044907689094544},"size":2.578761100769043,"orthographic":false}