{"cameraMode":{"drawMode":0,"name":"Shaded","section":"Shading Mode"},"sceneLighting":false,"audioPlay":false,"sceneViewState":{"showFog":true,"showMaterialUpdate":false,"showSkybox":false,"showFlares":true,"showImageEffects":true,"showParticleSystems":true},"in2DMode":false,"pivot":{"x":0.4971899688243866,"y":-0.17075812816619874,"z":1.0179100036621094},"rotation":{"x":0.38711073994636538,"y":-0.16458919644355775,"z":0.07044454663991928,"w":0.9044907689094544},"size":0.5950220227241516,"orthographic":false}