{"cameraMode":{"drawMode":0,"name":"Shaded","section":"Shading Mode"},"sceneLighting":false,"audioPlay":false,"sceneViewState":{"showFog":true,"showMaterialUpdate":false,"showSkybox":false,"showFlares":true,"showImageEffects":true,"showParticleSystems":true},"in2DMode":false,"pivot":{"x":0.017690032720565797,"y":-0.09889714419841767,"z":0.27579811215400698},"rotation":{"x":0.3121519684791565,"y":-0.38319435715675356,"z":0.1393992155790329,"w":0.8580777645111084},"size":0.39607831835746767,"orthographic":false}