{"cameraMode":{"drawMode":0,"name":"Shaded","section":"Shading Mode"},"sceneLighting":false,"audioPlay":false,"sceneViewState":{"showFog":true,"showMaterialUpdate":false,"showSkybox":false,"showFlares":true,"showImageEffects":true,"showParticleSystems":true},"in2DMode":false,"pivot":{"x":0.01999986171722412,"y":-0.6464868783950806,"z":2.2286875247955324},"rotation":{"x":0.38711073994636538,"y":-0.16458919644355775,"z":0.07044454663991928,"w":0.9044907689094544},"size":2.0890045166015627,"orthographic":false}