{"cameraMode":{"drawMode":0,"name":"Shaded","section":"Shading Mode"},"sceneLighting":false,"audioPlay":false,"sceneViewState":{"showFog":true,"showMaterialUpdate":false,"showSkybox":false,"showFlares":true,"showImageEffects":true,"showParticleSystems":true},"in2DMode":false,"pivot":{"x":-1.669144868850708,"y":0.26986855268478396,"z":0.2107422947883606},"rotation":{"x":-0.009753054939210415,"y":-0.5825372934341431,"z":-0.0069907912984490398,"w":0.8127158880233765},"size":0.42230522632598879,"orthographic":false}