{"cameraMode":{"drawMode":0,"name":"Shaded","section":"Shading Mode"},"sceneLighting":true,"audioPlay":false,"sceneViewState":{"showFog":true,"showMaterialUpdate":false,"showSkybox":true,"showFlares":true,"showImageEffects":true,"showParticleSystems":true},"in2DMode":false,"pivot":{"x":0.0889567881822586,"y":-0.37266045808792117,"z":0.6441236734390259},"rotation":{"x":-0.31952932476997378,"y":0.07861300557851792,"z":-0.026618026196956636,"w":-0.9439436793327332},"size":0.6968203783035278,"orthographic":false}