{"cameraMode":{"drawMode":0,"name":"Shaded","section":"Shading Mode"},"sceneLighting":false,"audioPlay":false,"sceneViewState":{"m_AlwaysRefresh":false,"showFog":true,"showSkybox":false,"showFlares":true,"showImageEffects":true,"showParticleSystems":true,"showVisualEffectGraphs":true,"m_FxEnabled":true},"in2DMode":false,"pivot":{"x":-0.02852659672498703,"y":0.020502276718616487,"z":0.5690476894378662},"rotation":{"x":-0.4963562488555908,"y":-0.006801313254982233,"z":0.002732227323576808,"w":-0.8682776093482971},"size":1.4660253524780274,"orthographic":false}